{"DigitalClock":["TextView"],"Chronometer":["TextView"],"EditText":["TextView"],"Button":["TextView"],"CheckedTextView":["TextView"],"AbsSeekBar":["ProgressBar"],"ImageButton":["ImageView"],"QuickContactBadge":["ImageView"],"VideoView":["SurfaceView"],"GridLayout":["ViewGroup"],"SlidingDrawer":["ViewGroup"],"RelativeLayout":["ViewGroup"],"AbsoluteLayout":["ViewGroup"],"FrameLayout":["ViewGroup"],"LinearLayout":["ViewGroup"],"AdapterView":["ViewGroup"],"AutoCompleteTextView":["EditText","TextView"],"CompoundButton":["Button","TextView"],"SeekBar":["AbsSeekBar","ProgressBar"],"RatingBar":["AbsSeekBar","ProgressBar"],"ZoomButton":["ImageButton","ImageView"],"DialerFilter":["RelativeLayout","ViewGroup"],"TwoLineListItem":["RelativeLayout","ViewGroup"],"HorizontalScrollView":["FrameLayout","ViewGroup"],"TimePicker":["FrameLayout","ViewGroup"],"CalendarView":["FrameLayout","ViewGroup"],"ViewAnimator":["FrameLayout","ViewGroup"],"MediaController":["FrameLayout","ViewGroup"],"TabHost":["FrameLayout","ViewGroup"],"ScrollView":["FrameLayout","ViewGroup"],"DatePicker":["FrameLayout","ViewGroup"],"TableRow":["LinearLayout","ViewGroup"],"SearchView":["LinearLayout","ViewGroup"],"RadioGroup":["LinearLayout","ViewGroup"],"TableLayout":["LinearLayout","ViewGroup"],"ZoomControls":["LinearLayout","ViewGroup"],"NumberPicker":["LinearLayout","ViewGroup"],"TabWidget":["LinearLayout","ViewGroup"],"AbsSpinner":["AdapterView","ViewGroup"],"AdapterViewAnimator":["AdapterView","ViewGroup"],"AbsListView":["AdapterView","ViewGroup"],"MultiAutoCompleteTextView":["AutoCompleteTextView","EditText","TextView"],"CheckBox":["CompoundButton","Button","TextView"],"RadioButton":["CompoundButton","Button","TextView"],"Switch":["CompoundButton","Button","TextView"],"ToggleButton":["CompoundButton","Button","TextView"],"ViewSwitcher":["ViewAnimator","FrameLayout","ViewGroup"],"ViewFlipper":["ViewAnimator","FrameLayout","ViewGroup"],"Gallery":["AbsSpinner","AdapterView","ViewGroup"],"Spinner":["AbsSpinner","AdapterView","ViewGroup"],"AdapterViewFlipper":["AdapterViewAnimator","AdapterView","ViewGroup"],"StackView":["AdapterViewAnimator","AdapterView","ViewGroup"],"ListView":["AbsListView","AdapterView","ViewGroup"],"GridView":["AbsListView","AdapterView","ViewGroup"],"ImageSwitcher":["ViewSwitcher","ViewAnimator","FrameLayout","ViewGroup"],"TextSwitcher":["ViewSwitcher","ViewAnimator","FrameLayout","ViewGroup"],"ExpandableListView":["ListView","AbsListView","AdapterView","ViewGroup"]}